{
    "name": "root",
    "gauges": {
        "MotionCaptureRNN.Policy.Entropy.mean": {
            "value": 0.40930619835853577,
            "min": 0.40930619835853577,
            "max": 0.6842796802520752,
            "count": 7
        },
        "MotionCaptureRNN.Policy.ExtrinsicValueEstimate.mean": {
            "value": 2.9200525283813477,
            "min": 1.5320394039154053,
            "max": 3.1410751342773438,
            "count": 7
        },
        "MotionCaptureRNN.Losses.ValueLoss.mean": {
            "value": 0.5904557108879089,
            "min": 0.3176400065422058,
            "max": 0.6702325344085693,
            "count": 7
        },
        "MotionCaptureRNN.Losses.PolicyLoss.mean": {
            "value": 0.7715555429458618,
            "min": 0.6681949496269226,
            "max": 0.7822101712226868,
            "count": 7
        },
        "MotionCaptureRNN.Policy.LearningRate.mean": {
            "value": 4.999350130674429e-05,
            "min": 4.999350130674429e-05,
            "max": 4.9999489419860765e-05,
            "count": 7
        },
        "MotionCaptureRNN.Policy.Epsilon.mean": {
            "value": 0.1999870091676712,
            "min": 0.1999870091676712,
            "max": 0.19999897480010986,
            "count": 7
        },
        "MotionCaptureRNN.Policy.Beta.mean": {
            "value": 0.004999351687729359,
            "min": 0.004999351687729359,
            "max": 0.0049999491311609745,
            "count": 7
        },
        "MotionCaptureRNN.Environment.EpisodeLength.mean": {
            "value": 100.0,
            "min": 100.0,
            "max": 100.0,
            "count": 7
        },
        "MotionCaptureRNN.Environment.CumulativeReward.mean": {
            "value": 8.954000091552734,
            "min": 5.3655556837717695,
            "max": 9.33900008201599,
            "count": 7
        },
        "MotionCaptureRNN.Policy.ExtrinsicReward.mean": {
            "value": 8.954000091552734,
            "min": 5.3655556837717695,
            "max": 9.33900008201599,
            "count": 7
        },
        "MotionCaptureRNN.IsTraining.mean": {
            "value": 1.0,
            "min": 1.0,
            "max": 1.0,
            "count": 7
        }
    },
    "metadata": {
        "timer_format_version": "0.1.0",
        "start_time_seconds": "1605563970",
        "python_version": "3.6.8 (tags/v3.6.8:3c6b436a57, Dec 24 2018, 00:16:47) [MSC v.1916 64 bit (AMD64)]",
        "command_line_arguments": "C:\\Users\\Sam Lally\\AppData\\Local\\Programs\\Python\\Python36\\Scripts\\mlagents-learn motionCaptureRNN.yaml --run-id=test1 --force --time-scale 1",
        "mlagents_version": "0.17.0",
        "mlagents_envs_version": "0.17.0",
        "communication_protocol_version": "1.0.0",
        "tensorflow_version": "2.3.1",
        "end_time_seconds": "1605564056"
    },
    "total": 85.8213046,
    "count": 1,
    "self": 0.008315099999990139,
    "children": {
        "run_training.setup": {
            "total": 0.0091682,
            "count": 1,
            "self": 0.0091682
        },
        "TrainerController.start_learning": {
            "total": 85.80382130000001,
            "count": 1,
            "self": 5.0628769000001625,
            "children": {
                "TrainerController._reset_env": {
                    "total": 6.7123206,
                    "count": 1,
                    "self": 6.7123206
                },
                "TrainerController.advance": {
                    "total": 73.31801669999984,
                    "count": 7037,
                    "self": 0.09515459999961706,
                    "children": {
                        "env_step": {
                            "total": 73.22286210000023,
                            "count": 7037,
                            "self": 63.34462139999963,
                            "children": {
                                "SubprocessEnvManager._take_step": {
                                    "total": 9.75806010000022,
                                    "count": 7037,
                                    "self": 0.28199070000008497,
                                    "children": {
                                        "NNPolicy.evaluate": {
                                            "total": 9.476069400000135,
                                            "count": 7037,
                                            "self": 9.476069400000135
                                        }
                                    }
                                },
                                "workers": {
                                    "total": 0.120180600000376,
                                    "count": 7036,
                                    "self": 0.0,
                                    "children": {
                                        "worker_root": {
                                            "total": 77.8357388999999,
                                            "count": 7036,
                                            "is_parallel": true,
                                            "self": 24.132214500000018,
                                            "children": {
                                                "steps_from_proto": {
                                                    "total": 0.0003332,
                                                    "count": 1,
                                                    "is_parallel": true,
                                                    "self": 0.0001644,
                                                    "children": {
                                                        "_process_vector_observation": {
                                                            "total": 0.0001688,
                                                            "count": 2,
                                                            "is_parallel": true,
                                                            "self": 0.0001688
                                                        }
                                                    }
                                                },
                                                "UnityEnvironment.step": {
                                                    "total": 53.70319119999988,
                                                    "count": 7036,
                                                    "is_parallel": true,
                                                    "self": 0.65854319999994,
                                                    "children": {
                                                        "UnityEnvironment._generate_step_input": {
                                                            "total": 0.47905359999968944,
                                                            "count": 7036,
                                                            "is_parallel": true,
                                                            "self": 0.47905359999968944
                                                        },
                                                        "communicator.exchange": {
                                                            "total": 50.65377240000024,
                                                            "count": 7036,
                                                            "is_parallel": true,
                                                            "self": 50.65377240000024
                                                        },
                                                        "steps_from_proto": {
                                                            "total": 1.9118220000000092,
                                                            "count": 7036,
                                                            "is_parallel": true,