{
    "name": "root",
    "gauges": {
        "MotionCaptureRNN.Policy.Entropy.mean": {
            "value": 0.5066823363304138,
            "min": 0.5066823363304138,
            "max": 0.680331826210022,
            "count": 6
        },
        "MotionCaptureRNN.Policy.ExtrinsicValueEstimate.mean": {
            "value": 2.845869302749634,
            "min": 1.0467880964279175,
            "max": 2.845869302749634,
            "count": 6
        },
        "MotionCaptureRNN.Losses.ValueLoss.mean": {
            "value": 0.6201383471488953,
            "min": 0.2715243399143219,
            "max": 0.6201383471488953,
            "count": 6
        },
        "MotionCaptureRNN.Losses.PolicyLoss.mean": {
            "value": 0.7066565752029419,
            "min": 0.6918533444404602,
            "max": 0.826887309551239,
            "count": 6
        },
        "MotionCaptureRNN.Policy.LearningRate.mean": {
            "value": 4.999448356102221e-05,
            "min": 4.999448356102221e-05,
            "max": 4.9999478505924344e-05,
            "count": 6
        },
        "MotionCaptureRNN.Policy.Epsilon.mean": {
            "value": 0.1999889612197876,
            "min": 0.1999889612197876,
            "max": 0.19999895989894867,
            "count": 6
        },
        "MotionCaptureRNN.Policy.Beta.mean": {
            "value": 0.004999449010938406,
            "min": 0.004999449010938406,
            "max": 0.0049999481998384,
            "count": 6
        },
        "MotionCaptureRNN.Environment.EpisodeLength.mean": {
            "value": 100.0,
            "min": 100.0,
            "max": 100.0,
            "count": 6
        },
        "MotionCaptureRNN.Environment.CumulativeReward.mean": {
            "value": 8.60200002193451,
            "min": 5.744444542460972,
            "max": 8.60200002193451,
            "count": 6
        },
        "MotionCaptureRNN.Policy.ExtrinsicReward.mean": {
            "value": 8.60200002193451,
            "min": 5.744444542460972,
            "max": 8.60200002193451,
            "count": 6
        },
        "MotionCaptureRNN.IsTraining.mean": {
            "value": 1.0,
            "min": 1.0,
            "max": 1.0,
            "count": 6
        }
    },
    "metadata": {
        "timer_format_version": "0.1.0",
        "start_time_seconds": "1611947087",
        "python_version": "3.6.8 (tags/v3.6.8:3c6b436a57, Dec 24 2018, 00:16:47) [MSC v.1916 64 bit (AMD64)]",
        "command_line_arguments": "C:\\Users\\Sam Lally\\AppData\\Local\\Programs\\Python\\Python36\\Scripts\\mlagents-learn F:/OneDrive - Virginia Tech/Classes/2020 Fall/Choreographic ML/Choreographic-Machine-Learning-master/Assets/StreamingAssets/BrainConfig/motionCaptureRNN.yaml --run-id=aiTest --force --time-scale 1",
        "mlagents_version": "0.17.0",
        "mlagents_envs_version": "0.17.0",
        "communication_protocol_version": "1.0.0",
        "tensorflow_version": "2.3.1",
        "end_time_seconds": "1611947178"
    },
    "total": 91.2922104,
    "count": 1,
    "self": 0.00733870000000536,
    "children": {
        "run_training.setup": {
            "total": 0.0098677,
            "count": 1,
            "self": 0.0098677
        },
        "TrainerController.start_learning": {
            "total": 91.275004,
            "count": 1,
            "self": 8.906276299999945,
            "children": {
                "TrainerController._reset_env": {
                    "total": 11.5549321,
                    "count": 1,
                    "self": 11.5549321
                },
                "TrainerController.advance": {
                    "total": 69.94980080000005,
                    "count": 3354,
                    "self": 0.05426940000009495,
                    "children": {
                        "env_step": {
                            "total": 69.89553139999995,
                            "count": 3354,
                            "self": 63.45400669999975,
                            "children": {
                                "SubprocessEnvManager._take_step": {
                                    "total": 6.376743800000131,
                                    "count": 3354,
                                    "self": 0.18359979999984333,
                                    "children": {
                                        "NNPolicy.evaluate": {
                                            "total": 6.193144000000288,
                                            "count": 3354,
                                            "self": 6.193144000000288
                                        }
                                    }
                                },
                                "workers": {
                                    "total": 0.06478090000006986,
                                    "count": 3353,
                                    "self": 0.0,
                                    "children": {
                                        "worker_root": {
                                            "total": 55.637429800000056,
                                            "count": 3353,
                                            "is_parallel": true,
                                            "self": 22.20532879999999,
                                            "children": {
                                                "steps_from_proto": {
                                                    "total": 0.0008759,
                                                    "count": 1,
                                                    "is_parallel": true,
                                                    "self": 0.0003093999999999998,
                                                    "children": {
                                                        "_process_vector_observation": {
                                                            "total": 0.0005665000000000002,
                                                            "count": 2,
                                                            "is_parallel": true,
                                                            "self": 0.0005665000000000002
                                                        }
                                                    }
                                                },
                                                "UnityEnvironment.step": {
                                                    "total": 33.43122510000007,
                                                    "count": 3353,
                                                    "is_parallel": true,
                                                    "self": 0.3935720000002334,
                                                    "children": {
                                                        "UnityEnvironment._generate_step_input": {
                                                            "total": 0.3372912999999311,
                                                            "count": 3353,
                                                            "is_parallel": true,
                                                            "self": 0.3372912999999311
                                                        },
                                                        "communicator.exchange": {
                                                            "total": 31.564663399999887,
                                                            "count": 3353,
                                                            "is_parallel": true,
                                                            "self": 31.564663399999887
                                                        },
                                                        "steps_from_proto": {
                                                            "total": 1.1356984000000194,