{
    "name": "root",
    "gauges": {
        "MotionCaptureRNN.Policy.Entropy.mean": {
            "value": 0.608867347240448,
            "min": 0.608867347240448,
            "max": 0.6902286410331726,
            "count": 4
        },
        "MotionCaptureRNN.Policy.ExtrinsicValueEstimate.mean": {
            "value": 2.4088633060455322,
            "min": 1.672763705253601,
            "max": 2.506103038787842,
            "count": 4
        },
        "MotionCaptureRNN.Losses.ValueLoss.mean": {
            "value": 0.7247423529624939,
            "min": 0.2914429008960724,
            "max": 0.7247423529624939,
            "count": 4
        },
        "MotionCaptureRNN.Losses.PolicyLoss.mean": {
            "value": 0.8593612909317017,
            "min": 0.6993424892425537,
            "max": 0.8593612909317017,
            "count": 4
        },
        "MotionCaptureRNN.Policy.LearningRate.mean": {
            "value": 4.9996499001281336e-05,
            "min": 4.9996499001281336e-05,
            "max": 4.9999478505924344e-05,
            "count": 4
        },
        "MotionCaptureRNN.Policy.Epsilon.mean": {
            "value": 0.19999298453330994,
            "min": 0.19999298453330994,
            "max": 0.19999897480010986,
            "count": 4
        },
        "MotionCaptureRNN.Policy.Beta.mean": {
            "value": 0.004999649710953236,
            "min": 0.004999649710953236,
            "max": 0.004999948665499687,
            "count": 4
        },
        "MotionCaptureRNN.Environment.EpisodeLength.mean": {
            "value": 97.0,
            "min": 96.2,
            "max": 100.0,
            "count": 4
        },
        "MotionCaptureRNN.Environment.CumulativeReward.mean": {
            "value": 6.858999919891358,
            "min": 5.118000042438507,
            "max": 7.061999988555908,
            "count": 4
        },
        "MotionCaptureRNN.Policy.ExtrinsicReward.mean": {
            "value": 6.858999919891358,
            "min": 5.118000042438507,
            "max": 7.061999988555908,
            "count": 4
        },
        "MotionCaptureRNN.IsTraining.mean": {
            "value": 1.0,
            "min": 1.0,
            "max": 1.0,
            "count": 4
        }
    },
    "metadata": {
        "timer_format_version": "0.1.0",
        "start_time_seconds": "1610687369",
        "python_version": "3.6.8 (tags/v3.6.8:3c6b436a57, Dec 24 2018, 00:16:47) [MSC v.1916 64 bit (AMD64)]",
        "command_line_arguments": "C:\\Users\\Sam Lally\\AppData\\Local\\Programs\\Python\\Python36\\Scripts\\mlagents-learn F:/OneDrive - Virginia Tech/Classes/2020 Fall/Choreographic ML/Choreographic-Machine-Learning-master/Assets/BrainConfig/motionCaptureRNN.yaml --run-id=aiTest --force --time-scale 1",
        "mlagents_version": "0.17.0",
        "mlagents_envs_version": "0.17.0",
        "communication_protocol_version": "1.0.0",
        "tensorflow_version": "2.3.1",
        "end_time_seconds": "1610687481"
    },
    "total": 111.4428741,
    "count": 1,
    "self": 0.006809300000000462,
    "children": {
        "run_training.setup": {
            "total": 0.0091918,
            "count": 1,
            "self": 0.0091918
        },
        "TrainerController.start_learning": {
            "total": 111.426873,
            "count": 1,
            "self": 4.281549399999591,
            "children": {
                "TrainerController._reset_env": {
                    "total": 12.2817275,
                    "count": 1,
                    "self": 12.2817275
                },
                "TrainerController.advance": {
                    "total": 94.28250200000039,
                    "count": 4145,
                    "self": 0.06051390000011736,
                    "children": {
                        "env_step": {
                            "total": 94.22198810000027,
                            "count": 4145,
                            "self": 87.67229400000073,
                            "children": {
                                "SubprocessEnvManager._take_step": {
                                    "total": 6.46887579999918,
                                    "count": 4145,
                                    "self": 0.18830949999925117,
                                    "children": {
                                        "NNPolicy.evaluate": {
                                            "total": 6.280566299999929,
                                            "count": 4143,
                                            "self": 6.280566299999929
                                        }
                                    }
                                },
                                "workers": {
                                    "total": 0.0808183000003595,
                                    "count": 4144,
                                    "self": 0.0,
                                    "children": {
                                        "worker_root": {
                                            "total": 97.95823179999985,
                                            "count": 4144,
                                            "is_parallel": true,
                                            "self": 16.28956660000007,
                                            "children": {
                                                "steps_from_proto": {
                                                    "total": 0.0003422,
                                                    "count": 1,
                                                    "is_parallel": true,
                                                    "self": 0.00016430000000000004,
                                                    "children": {
                                                        "_process_vector_observation": {
                                                            "total": 0.0001779,
                                                            "count": 2,
                                                            "is_parallel": true,
                                                            "self": 0.0001779
                                                        }
                                                    }
                                                },
                                                "UnityEnvironment.step": {
                                                    "total": 81.66832299999977,
                                                    "count": 4144,
                                                    "is_parallel": true,
                                                    "self": 0.4501231999994957,
                                                    "children": {
                                                        "UnityEnvironment._generate_step_input": {
                                                            "total": 0.3257326000004883,
                                                            "count": 4144,
                                                            "is_parallel": true,
                                                            "self": 0.3257326000004883
                                                        },
                                                        "communicator.exchange": {
                                                            "total": 79.6170318000001,
                                                            "count": 4144,
                                                            "is_parallel": true,
                                                            "self": 79.6170318000001
                                                        },
                                                        "steps_from_proto": {
                                                            "total": 1.275435399999679,
                                                            "count": 4144,