{
    "name": "root",
    "gauges": {
        "MotionCaptureRNN.Policy.Entropy.mean": {
            "value": 0.6914628148078918,
            "min": 0.6914628148078918,
            "max": 0.6914628148078918,
            "count": 1
        },
        "MotionCaptureRNN.Policy.ExtrinsicValueEstimate.mean": {
            "value": 1.3093366622924805,
            "min": 1.3093366622924805,
            "max": 1.3093366622924805,
            "count": 1
        },
        "MotionCaptureRNN.Losses.ValueLoss.mean": {
            "value": 0.28766271471977234,
            "min": 0.28766271471977234,
            "max": 0.28766271471977234,
            "count": 1
        },
        "MotionCaptureRNN.Losses.PolicyLoss.mean": {
            "value": 0.8139481544494629,
            "min": 0.8139481544494629,
            "max": 0.8139481544494629,
            "count": 1
        },
        "MotionCaptureRNN.Policy.LearningRate.mean": {
            "value": 4.9999489419860765e-05,
            "min": 4.9999489419860765e-05,
            "max": 4.9999489419860765e-05,
            "count": 1
        },
        "MotionCaptureRNN.Policy.Epsilon.mean": {
            "value": 0.19999897480010986,
            "min": 0.19999897480010986,
            "max": 0.19999897480010986,
            "count": 1
        },
        "MotionCaptureRNN.Policy.Beta.mean": {
            "value": 0.0049999491311609745,
            "min": 0.0049999491311609745,
            "max": 0.0049999491311609745,
            "count": 1
        },
        "MotionCaptureRNN.Environment.EpisodeLength.mean": {
            "value": 100.0,
            "min": 100.0,
            "max": 100.0,
            "count": 1
        },
        "MotionCaptureRNN.Environment.CumulativeReward.mean": {
            "value": 4.803333441416423,
            "min": 4.803333441416423,
            "max": 4.803333441416423,
            "count": 1
        },
        "MotionCaptureRNN.Policy.ExtrinsicReward.mean": {
            "value": 4.803333441416423,
            "min": 4.803333441416423,
            "max": 4.803333441416423,
            "count": 1
        },
        "MotionCaptureRNN.IsTraining.mean": {
            "value": 1.0,
            "min": 1.0,
            "max": 1.0,
            "count": 1
        }
    },
    "metadata": {
        "timer_format_version": "0.1.0",
        "start_time_seconds": "1610834006",
        "python_version": "3.6.8 (tags/v3.6.8:3c6b436a57, Dec 24 2018, 00:16:47) [MSC v.1916 64 bit (AMD64)]",
        "command_line_arguments": "C:\\Users\\Sam Lally\\AppData\\Local\\Programs\\Python\\Python36\\Scripts\\mlagents-learn F:/OneDrive - Virginia Tech/Classes/2020 Fall/Choreographic ML/Choreographic-Machine-Learning-master/Assets/StreamingAssets/BrainConfig/motionCaptureRNN.yaml --run-id=aiTest --force --time-scale 1",
        "mlagents_version": "0.17.0",
        "mlagents_envs_version": "0.17.0",
        "communication_protocol_version": "1.0.0",
        "tensorflow_version": "2.3.1",
        "end_time_seconds": "1610834032"
    },
    "total": 25.8201428,
    "count": 1,
    "self": 0.005481199999994857,
    "children": {
        "run_training.setup": {
            "total": 0.0098246,
            "count": 1,
            "self": 0.0098246
        },
        "TrainerController.start_learning": {
            "total": 25.804837000000003,
            "count": 1,
            "self": 2.981197299999966,
            "children": {
                "TrainerController._reset_env": {
                    "total": 5.7550329,
                    "count": 1,
                    "self": 5.7550329
                },
                "TrainerController.advance": {
                    "total": 16.479497300000038,
                    "count": 1380,
                    "self": 0.0208395000000543,
                    "children": {
                        "env_step": {
                            "total": 16.458657799999983,
                            "count": 1380,
                            "self": 14.010579500000041,
                            "children": {
                                "SubprocessEnvManager._take_step": {
                                    "total": 2.423668599999984,
                                    "count": 1380,
                                    "self": 0.05451199999997325,
                                    "children": {
                                        "NNPolicy.evaluate": {
                                            "total": 2.369156600000011,
                                            "count": 1380,
                                            "self": 2.369156600000011
                                        }
                                    }
                                },
                                "workers": {
                                    "total": 0.0244096999999579,
                                    "count": 1379,
                                    "self": 0.0,
                                    "children": {
                                        "worker_root": {
                                            "total": 17.785710900000023,
                                            "count": 1379,
                                            "is_parallel": true,
                                            "self": 6.902877300000069,
                                            "children": {
                                                "steps_from_proto": {
                                                    "total": 0.00031079999999999997,
                                                    "count": 1,
                                                    "is_parallel": true,
                                                    "self": 0.00014669999999999996,
                                                    "children": {
                                                        "_process_vector_observation": {
                                                            "total": 0.0001641,
                                                            "count": 2,
                                                            "is_parallel": true,
                                                            "self": 0.0001641
                                                        }
                                                    }
                                                },
                                                "UnityEnvironment.step": {
                                                    "total": 10.882522799999954,
                                                    "count": 1379,
                                                    "is_parallel": true,
                                                    "self": 0.13364659999998807,
                                                    "children": {
                                                        "UnityEnvironment._generate_step_input": {
                                                            "total": 0.10590040000000389,
                                                            "count": 1379,
                                                            "is_parallel": true,
                                                            "self": 0.10590040000000389
                                                        },
                                                        "communicator.exchange": {
                                                            "total": 10.249239200000007,
                                                            "count": 1379,
                                                            "is_parallel": true,
                                                            "self": 10.249239200000007
                                                        },
                                                        "steps_from_proto": {
                                                            "total": 0.39373659999995425,