{"count":1,"self":70.05265279999999,"total":98.5086911,"children":{"AgentSendState":{"count":10518,"self":0.48221719999999996,"total":0.9616347,"children":{"CollectObservations":{"count":4144,"self":0.10658999999999999,"total":0.10658999999999999,"children":null},"CollectDiscreteActionMasks":{"count":4144,"self":0.043570399999999995,"total":0.043570399999999995,"children":null},"AgentInfo.ToProto":{"count":4144,"self":0.147747,"total":0.32925709999999997,"children":{"GenerateSensorData":{"count":4144,"self":0.18151009999999998,"total":0.18151009999999998,"children":null}}}}},"DecideAction":{"count":10518,"self":24.773647999999998,"total":24.773648599999998,"children":null},"AgentAct":{"count":10518,"self":2.7167559999999997,"total":2.7192559,"children":{"AgentInfo.ToProto":{"count":39,"self":0.0010000999999999999,"total":0.0024998999999999998,"children":{"GenerateSensorData":{"count":39,"self":0.0014998,"total":0.0014998,"children":null}}}}},"AgentInfo.ToProto":{"count":2,"self":0,"total":0,"children":{"GenerateSensorData":{"count":2,"self":0,"total":0,"children":null}}}},"gauges":{"MotionCaptureRNN.CumulativeReward":{"count":39,"max":8.249993,"min":4.289997,"runningAverage":6.46461,"value":7.699994,"weightedAverage":7.28997374}},"metadata":{"timer_format_version":"0.1.0","start_time_seconds":"1610687381","unity_version":"2018.4.22f1","command_line_arguments":"F:\\Unity\\2018.4.22f1\\Editor\\Unity.exe -projectpath F:\/OneDrive - Virginia Tech\/Classes\/2020 Fall\/Choreographic ML\/Choreographic-Machine-Learning-master -useHub -hubIPC -cloudEnvironment production -hubSessionId 1eee6b50-55c2-11eb-8b3d-3b91ea03d075 -accessToken OPzFGI5YB1Zsv7RZlWzmr7TAFv_kUHlNsKWYS9ZPihA002f","communication_protocol_version":"1.0.0","com.unity.ml-agents_version":"1.0.5","scene_name":"Dance_Main","end_time_seconds":"1610687480"}}