{
    "name": "root",
    "gauges": {
        "MotionCaptureRNN.Policy.Entropy.mean": {
            "value": 0.18239599466323853,
            "min": 0.18230725824832916,
            "max": 0.6910720467567444,
            "count": 26
        },
        "MotionCaptureRNN.Policy.ExtrinsicValueEstimate.mean": {
            "value": 3.2908809185028076,
            "min": 1.371193289756775,
            "max": 3.3022162914276123,
            "count": 26
        },
        "MotionCaptureRNN.Losses.ValueLoss.mean": {
            "value": 0.7901999354362488,
            "min": 0.3695864975452423,
            "max": 0.8268274068832397,
            "count": 26
        },
        "MotionCaptureRNN.Losses.PolicyLoss.mean": {
            "value": 0.6628130674362183,
            "min": 0.6276336312294006,
            "max": 0.8448209166526794,
            "count": 26
        },
        "MotionCaptureRNN.Policy.LearningRate.mean": {
            "value": 4.997451469535008e-05,
            "min": 4.997451469535008e-05,
            "max": 4.9999489419860765e-05,
            "count": 26
        },
        "MotionCaptureRNN.Policy.Epsilon.mean": {
            "value": 0.19994902610778809,
            "min": 0.19994902610778809,
            "max": 0.19999897480010986,
            "count": 26
        },
        "MotionCaptureRNN.Policy.Beta.mean": {
            "value": 0.004997456446290016,
            "min": 0.004997456446290016,
            "max": 0.0049999491311609745,
            "count": 26
        },
        "MotionCaptureRNN.Environment.EpisodeLength.mean": {
            "value": 100.0,
            "min": 100.0,
            "max": 100.0,
            "count": 26
        },
        "MotionCaptureRNN.Environment.CumulativeReward.mean": {
            "value": 10.395000171661376,
            "min": 5.585555679268307,
            "max": 10.584444363911947,
            "count": 26
        },
        "MotionCaptureRNN.Policy.ExtrinsicReward.mean": {
            "value": 10.395000171661376,
            "min": 5.585555679268307,
            "max": 10.584444363911947,
            "count": 26
        },
        "MotionCaptureRNN.IsTraining.mean": {
            "value": 1.0,
            "min": 1.0,
            "max": 1.0,
            "count": 26
        }
    },
    "metadata": {
        "timer_format_version": "0.1.0",
        "start_time_seconds": "1610575070",
        "python_version": "3.6.8 (tags/v3.6.8:3c6b436a57, Dec 24 2018, 00:16:47) [MSC v.1916 64 bit (AMD64)]",
        "command_line_arguments": "C:\\Users\\Sam Lally\\AppData\\Local\\Programs\\Python\\Python36\\Scripts\\mlagents-learn .\\BrainConfig\\motionCaptureRNN.yaml --run-id=TEST2 --force --time-scale 1",
        "mlagents_version": "0.17.0",
        "mlagents_envs_version": "0.17.0",
        "communication_protocol_version": "1.0.0",
        "tensorflow_version": "2.3.1",
        "end_time_seconds": "1610575425"
    },
    "total": 354.5639177,
    "count": 1,
    "self": 0.007652300000017931,
    "children": {
        "run_training.setup": {
            "total": 0.019874100000000002,
            "count": 1,
            "self": 0.019874100000000002
        },
        "TrainerController.start_learning": {
            "total": 354.5363913,
            "count": 1,
            "self": 15.223951200000556,
            "children": {
                "TrainerController._reset_env": {
                    "total": 55.9477174,
                    "count": 1,
                    "self": 55.9477174
                },
                "TrainerController.advance": {
                    "total": 282.7184741999995,
                    "count": 26846,
                    "self": 0.36009900000038897,
                    "children": {
                        "env_step": {
                            "total": 282.3583751999991,
                            "count": 26846,
                            "self": 246.87277249999664,
                            "children": {
                                "SubprocessEnvManager._take_step": {
                                    "total": 35.02628360000224,
                                    "count": 26846,
                                    "self": 1.0470387000040944,
                                    "children": {
                                        "NNPolicy.evaluate": {
                                            "total": 33.97924489999814,
                                            "count": 26846,
                                            "self": 33.97924489999814
                                        }
                                    }
                                },
                                "workers": {
                                    "total": 0.4593191000002079,
                                    "count": 26845,
                                    "self": 0.0,
                                    "children": {
                                        "worker_root": {
                                            "total": 296.7876909999989,
                                            "count": 26845,
                                            "is_parallel": true,
                                            "self": 90.25489299999452,
                                            "children": {
                                                "steps_from_proto": {
                                                    "total": 0.0004656,
                                                    "count": 1,
                                                    "is_parallel": true,
                                                    "self": 0.00017999999999999998,
                                                    "children": {
                                                        "_process_vector_observation": {
                                                            "total": 0.0002856,
                                                            "count": 2,
                                                            "is_parallel": true,
                                                            "self": 0.0002856
                                                        }
                                                    }
                                                },
                                                "UnityEnvironment.step": {
                                                    "total": 206.53233240000438,
                                                    "count": 26845,
                                                    "is_parallel": true,
                                                    "self": 2.583176000000549,
                                                    "children": {
                                                        "UnityEnvironment._generate_step_input": {
                                                            "total": 1.839352899997046,
                                                            "count": 26845,
                                                            "is_parallel": true,
                                                            "self": 1.839352899997046
                                                        },
                                                        "communicator.exchange": {
                                                            "total": 194.63679870000442,
                                                            "count": 26845,
                                                            "is_parallel": true,
                                                            "self": 194.63679870000442
                                                        },
                                                        "steps_from_proto": {
                                                            "total": 7.473004800002368,
                                                            "count": 26845,
                                                            "is_parallel": true,